-- phpMyAdmin SQL Dump
-- version 5.2.1
-- https://www.phpmyadmin.net/
--
-- Host: 127.0.0.1
-- Generation Time: Aug 27, 2024 at 06:39 AM
-- Server version: 10.4.32-MariaDB
-- PHP Version: 8.2.12

SET SQL_MODE = "NO_AUTO_VALUE_ON_ZERO";
START TRANSACTION;
SET time_zone = "+00:00";


/*!40101 SET @OLD_CHARACTER_SET_CLIENT=@@CHARACTER_SET_CLIENT */;
/*!40101 SET @OLD_CHARACTER_SET_RESULTS=@@CHARACTER_SET_RESULTS */;
/*!40101 SET @OLD_COLLATION_CONNECTION=@@COLLATION_CONNECTION */;
/*!40101 SET NAMES utf8mb4 */;

--
-- Database: `macom`
--

-- --------------------------------------------------------

--
-- Table structure for table `department`
--

CREATE TABLE `department` (
  `department_id` varchar(11) NOT NULL,
  `department_name` varchar(60) NOT NULL
) ENGINE=InnoDB DEFAULT CHARSET=utf8mb4 COLLATE=utf8mb4_general_ci;

--
-- Dumping data for table `department`
--

INSERT INTO `department` (`department_id`, `department_name`) VALUES
('AC', 'บัญชี'),
('AD', 'ธุรการ'),
('CA', 'จัดหา'),
('CCTV', 'CCTV'),
('DVM', 'DVM'),
('EN', 'วิศวกรรม'),
('FN', 'การเงิน'),
('HR', 'บุคคล'),
('IT', 'วิเคราะห์และประมวลผล'),
('LW', 'นิติกร'),
('MV', 'ยานยนต์'),
('OF', 'สำนักงาน'),
('QC', 'ควบคุมคุณภาพ'),
('SA', 'ความปลอดภัยและสิ่งแวดล้อม'),
('SG', 'รักษาความปลอดภัย'),
('ST', 'พัสดุ'),
('VA', 'หม้อเคี่ยว'),
('WH', 'คลังสินค้า'),
('WM', 'ห้องชั่ง');

-- --------------------------------------------------------

--
-- Table structure for table `device`
--

CREATE TABLE `device` (
  `id` int(11) NOT NULL,
  `owner_name` varchar(100) NOT NULL,
  `com_name` varchar(100) NOT NULL,
  `mainboard` varchar(100) NOT NULL,
  `cpu` varchar(100) NOT NULL,
  `os` varchar(100) DEFAULT NULL,
  `ram` varchar(100) DEFAULT NULL,
  `fullharddisk` varchar(100) DEFAULT NULL,
  `drive1` varchar(50) DEFAULT NULL,
  `space1` varchar(50) DEFAULT NULL,
  `used1` varchar(50) DEFAULT NULL,
  `free1` varchar(50) DEFAULT NULL,
  `drive2` varchar(50) DEFAULT NULL,
  `space2` varchar(50) DEFAULT NULL,
  `used2` varchar(50) DEFAULT NULL,
  `free2` varchar(50) DEFAULT NULL,
  `drive3` varchar(50) DEFAULT NULL,
  `space3` varchar(50) DEFAULT NULL,
  `used3` varchar(50) DEFAULT NULL,
  `free3` varchar(50) DEFAULT NULL,
  `manufacturer_monitor` varchar(100) DEFAULT NULL,
  `serie_monitor` varchar(50) DEFAULT NULL,
  `size_monitor` varchar(50) DEFAULT NULL,
  `gpu` varchar(100) DEFAULT NULL,
  `antivirus` varchar(100) DEFAULT NULL,
  `ip_addr` varchar(100) DEFAULT NULL,
  `location` varchar(200) DEFAULT NULL,
  `department` varchar(200) DEFAULT NULL,
  `note` text DEFAULT NULL,
  `created_at` datetime NOT NULL,
  `updated_at` datetime NOT NULL,
  `type_id` int(11) NOT NULL,
  `status` varchar(15) NOT NULL,
  `factory` varchar(30) NOT NULL
) ENGINE=InnoDB DEFAULT CHARSET=utf8 COLLATE=utf8_general_ci;

--
-- Dumping data for table `device`
--

INSERT INTO `device` (`id`, `owner_name`, `com_name`, `mainboard`, `cpu`, `os`, `ram`, `fullharddisk`, `drive1`, `space1`, `used1`, `free1`, `drive2`, `space2`, `used2`, `free2`, `drive3`, `space3`, `used3`, `free3`, `manufacturer_monitor`, `serie_monitor`, `size_monitor`, `gpu`, `antivirus`, `ip_addr`, `location`, `department`, `note`, `created_at`, `updated_at`, `type_id`, `status`, `factory`) VALUES
(100, 'Anukoon Boonsri', 'CANE4CASH-SVR', 'ASUS H110M-K', 'Intel(R) Core(TM) i5-7600', 'Windows 10 Pro', '8 GB', '', '', '', '', '', '', '', '', '', '', '', '', '', '[{\"manufacturer\":\"-\",\"serie\":\"-\",\"size\":\"-\"}]', NULL, NULL, NULL, 'Cortex XDR', '10.17.1.15', 'วิเคราะห์และประมวลผล', 'วิเคราะห์และประมวลผล', 'ห้อง Server', '2017-05-31 00:00:00', '0000-00-00 00:00:00', 6, '1', 'โรงงานน้ำตาลขอนแก่น'),
(101, 'anukoon boonsri', 'CCTV_WSP-252', 'Dell 072T6D', 'Intel(R) Xeon(R) E5-2630', 'WIN Server 2012', '16 GB', '', '', '', '', '', '', '', '', '', '', '', '', '', '[{\"manufacturer\":\"-\",\"serie\":\"-\",\"size\":\"-\"}]', NULL, NULL, NULL, 'Cortex XDR', '10.17.2.252', 'วิเคราะห์และประมวลผล', 'วิเคราะห์และประมวลผล', '', '2017-11-01 00:00:00', '0000-00-00 00:00:00', 6, '1', 'โรงงานน้ำตาลขอนแก่น'),
(102, 'wanpen sanubol', 'center51', '', '', 'Windows 10 Pro', NULL, '', '', '', '', '', '', '', '', '', '', '', '', '', NULL, NULL, NULL, NULL, 'Cortex XDR', 'NOIP', 'ศูนย์ขนถ่าย', 'จัดหา', 'เฉพาะฤดูหีบ', '0000-00-00 00:00:00', '0000-00-00 00:00:00', 2, '1', 'โรงงานน้ำตาลขอนแก่น'),
(103, 'wanpen sanubol', 'center52', '', '', 'Windows 10 Pro', NULL, '', '', '', '', '', '', '', '', '', '', '', '', '', NULL, NULL, NULL, NULL, 'Cortex XDR', 'NOIP', 'ศูนย์ขนถ่าย', 'จัดหา', 'เฉพาะฤดูหีบ', '0000-00-00 00:00:00', '0000-00-00 00:00:00', 2, '1', 'โรงงานน้ำตาลขอนแก่น'),
(104, 'wanpen sanubol', 'center53', '', '', 'Windows 10 Pro', NULL, '', '', '', '', '', '', '', '', '', '', '', '', '', NULL, NULL, NULL, NULL, 'Cortex XDR', 'NOIP', 'ศูนย์ขนถ่าย', 'จัดหา', 'เฉพาะฤดูหีบ', '0000-00-00 00:00:00', '0000-00-00 00:00:00', 2, '1', 'โรงงานน้ำตาลขอนแก่น'),
(105, 'wanpen sanubol', 'center54', '', '', 'Windows 10 Pro', NULL, '', '', '', '', '', '', '', '', '', '', '', '', '', NULL, NULL, NULL, NULL, 'Cortex XDR', 'NOIP', 'ศูนย์ขนถ่าย', 'จัดหา', 'เฉพาะฤดูหีบ', '0000-00-00 00:00:00', '0000-00-00 00:00:00', 2, '1', 'โรงงานน้ำตาลขอนแก่น'),
(106, 'wanpen sanubol', 'center55', '', '', 'Windows 10 Pro', NULL, '', '', '', '', '', '', '', '', '', '', '', '', '', NULL, NULL, NULL, NULL, 'Cortex XDR', 'NOIP', 'ศูนย์ขนถ่าย', 'จัดหา', 'เฉพาะฤดูหีบ', '0000-00-00 00:00:00', '0000-00-00 00:00:00', 2, '1', 'โรงงานน้ำตาลขอนแก่น'),
(107, 'wanpen sanubol', 'center56', '', '', 'Windows 10 Pro', NULL, '', '', '', '', '', '', '', '', '', '', '', '', '', NULL, NULL, NULL, NULL, 'Cortex XDR', 'NOIP', 'ศูนย์ขนถ่าย', 'จัดหา', 'เฉพาะฤดูหีบ', '0000-00-00 00:00:00', '0000-00-00 00:00:00', 2, '1', 'โรงงานน้ำตาลขอนแก่น'),
(108, 'wanpen sanubol', 'center57', '', '', 'Windows 10 Pro', NULL, '', '', '', '', '', '', '', '', '', '', '', '', '', NULL, NULL, NULL, NULL, 'Cortex XDR', 'NOIP', 'ศูนย์ขนถ่าย', 'จัดหา', 'เฉพาะฤดูหีบ', '0000-00-00 00:00:00', '0000-00-00 00:00:00', 2, '1', 'โรงงานน้ำตาลขอนแก่น'),
(109, 'wanpen sanubol', 'center58', '', '', 'Windows 10 Pro', NULL, '', '', '', '', '', '', '', '', '', '', '', '', '', NULL, NULL, NULL, NULL, 'Cortex XDR', 'NOIP', 'ศูนย์ขนถ่าย', 'จัดหา', 'เฉพาะฤดูหีบ', '0000-00-00 00:00:00', '0000-00-00 00:00:00', 2, '1', 'โรงงานน้ำตาลขอนแก่น'),
(110, 'wanpen sanubol', 'center59', '', '', 'Windows 10 Pro', NULL, '', '', '', '', '', '', '', '', '', '', '', '', '', NULL, NULL, NULL, NULL, 'Cortex XDR', 'NOIP', 'ศูนย์ขนถ่าย', 'จัดหา', 'เฉพาะฤดูหีบ', '0000-00-00 00:00:00', '0000-00-00 00:00:00', 2, '1', 'โรงงานน้ำตาลขอนแก่น'),
(111, 'wanpen sanubol', 'center60', '', '', 'Windows 10 Pro', NULL, '', '', '', '', '', '', '', '', '', '', '', '', '', NULL, NULL, NULL, NULL, 'Cortex XDR', 'NOIP', 'ศูนย์ขนถ่าย', 'จัดหา', 'เฉพาะฤดูหีบ', '0000-00-00 00:00:00', '0000-00-00 00:00:00', 2, '1', 'โรงงานน้ำตาลขอนแก่น'),
(112, 'wanpen sanubol', 'center61', '', '', 'Windows 10 Pro', NULL, '', '', '', '', '', '', '', '', '', '', '', '', '', NULL, NULL, NULL, NULL, 'Cortex XDR', 'NOIP', 'ศูนย์ขนถ่าย', 'จัดหา', 'เฉพาะฤดูหีบ', '0000-00-00 00:00:00', '0000-00-00 00:00:00', 2, '1', 'โรงงานน้ำตาลขอนแก่น'),
(113, 'wanpen sanubol', 'center62', '', '', 'Windows 10 Pro', NULL, '', '', '', '', '', '', '', '', '', '', '', '', '', NULL, NULL, NULL, NULL, 'Cortex XDR', 'NOIP', 'ศูนย์ขนถ่าย', 'จัดหา', 'เฉพาะฤดูหีบ', '0000-00-00 00:00:00', '0000-00-00 00:00:00', 2, '1', 'โรงงานน้ำตาลขอนแก่น'),
(114, 'wanpen sanubol', 'center63', '', '', 'Windows 10 Pro', NULL, '', '', '', '', '', '', '', '', '', '', '', '', '', NULL, NULL, NULL, NULL, 'Cortex XDR', 'NOIP', 'ศูนย์ขนถ่าย', 'จัดหา', 'เฉพาะฤดูหีบ', '0000-00-00 00:00:00', '0000-00-00 00:00:00', 2, '1', 'โรงงานน้ำตาลขอนแก่น'),
(115, 'wanpen sanubol', 'center64', '', '', 'Windows 10 Pro', NULL, '', '', '', '', '', '', '', '', '', '', '', '', '', NULL, NULL, NULL, NULL, 'Cortex XDR', 'NOIP', 'ศูนย์ขนถ่าย', 'จัดหา', 'เฉพาะฤดูหีบ', '0000-00-00 00:00:00', '0000-00-00 00:00:00', 2, '1', 'โรงงานน้ำตาลขอนแก่น'),
(116, 'wanpen sanubol', 'center65', '', '', 'Windows 10 Pro', NULL, '', '', '', '', '', '', '', '', '', '', '', '', '', NULL, NULL, NULL, NULL, 'Cortex XDR', 'NOIP', 'ศูนย์ขนถ่าย', 'จัดหา', 'เฉพาะฤดูหีบ', '0000-00-00 00:00:00', '0000-00-00 00:00:00', 2, '1', 'โรงงานน้ำตาลขอนแก่น'),
(117, 'wanpen sanubol', 'center66', '', '', 'Windows 10 Pro', NULL, '', '', '', '', '', '', '', '', '', '', '', '', '', NULL, NULL, NULL, NULL, 'Cortex XDR', 'NOIP', 'ศูนย์ขนถ่าย', 'จัดหา', 'เฉพาะฤดูหีบ', '0000-00-00 00:00:00', '0000-00-00 00:00:00', 2, '1', 'โรงงานน้ำตาลขอนแก่น'),
(118, 'wanpen sanubol', 'center67', '', '', 'Windows 10 Pro', NULL, '', '', '', '', '', '', '', '', '', '', '', '', '', NULL, NULL, NULL, NULL, 'Cortex XDR', 'NOIP', 'ศูนย์ขนถ่าย', 'จัดหา', 'เฉพาะฤดูหีบ', '0000-00-00 00:00:00', '0000-00-00 00:00:00', 2, '1', 'โรงงานน้ำตาลขอนแก่น'),
(119, 'wanpen sanubol', 'center68', '', '', 'Windows 10 Pro', NULL, '', '', '', '', '', '', '', '', '', '', '', '', '', NULL, NULL, NULL, NULL, 'Cortex XDR', 'NOIP', 'ศูนย์ขนถ่าย', 'จัดหา', 'เฉพาะฤดูหีบ', '0000-00-00 00:00:00', '0000-00-00 00:00:00', 2, '1', 'โรงงานน้ำตาลขอนแก่น'),
(120, 'wanpen sanubol', 'center69', '', '', 'Windows 10 Pro', NULL, '', '', '', '', '', '', '', '', '', '', '', '', '', NULL, NULL, NULL, NULL, 'Cortex XDR', 'NOIP', 'ศูนย์ขนถ่าย', 'จัดหา', 'เฉพาะฤดูหีบ', '0000-00-00 00:00:00', '0000-00-00 00:00:00', 2, '1', 'โรงงานน้ำตาลขอนแก่น'),
(121, 'wanpen sanubol', 'center70', '', '', 'Windows 10 Pro', NULL, '', '', '', '', '', '', '', '', '', '', '', '', '', NULL, NULL, NULL, NULL, 'Cortex XDR', 'NOIP', 'ศูนย์ขนถ่าย', 'จัดหา', 'เฉพาะฤดูหีบ', '0000-00-00 00:00:00', '0000-00-00 00:00:00', 2, '1', 'โรงงานน้ำตาลขอนแก่น'),
(122, 'wanpen sanubol', 'center71', '', '', 'Windows 10 Pro', NULL, '', '', '', '', '', '', '', '', '', '', '', '', '', NULL, NULL, NULL, NULL, 'Cortex XDR', 'NOIP', 'ศูนย์ขนถ่าย', 'จัดหา', 'เฉพาะฤดูหีบ', '0000-00-00 00:00:00', '0000-00-00 00:00:00', 2, '1', 'โรงงานน้ำตาลขอนแก่น'),
(123, 'wanpen sanubol', 'center72', '', '', 'Windows 10 Pro', NULL, '', '', '', '', '', '', '', '', '', '', '', '', '', NULL, NULL, NULL, NULL, 'Cortex XDR', 'NOIP', 'ศูนย์ขนถ่าย', 'จัดหา', 'เฉพาะฤดูหีบ', '0000-00-00 00:00:00', '0000-00-00 00:00:00', 2, '1', 'โรงงานน้ำตาลขอนแก่น'),
(124, 'wanpen sanubol', 'center73', '', '', 'Windows 10 Pro', NULL, '', '', '', '', '', '', '', '', '', '', '', '', '', NULL, NULL, NULL, NULL, 'Cortex XDR', 'NOIP', 'ศูนย์ขนถ่าย', 'จัดหา', 'เฉพาะฤดูหีบ', '0000-00-00 00:00:00', '0000-00-00 00:00:00', 2, '1', 'โรงงานน้ำตาลขอนแก่น'),
(125, 'wanpen sanubol', 'center74', '', '', 'Windows 10 Pro', NULL, '', '', '', '', '', '', '', '', '', '', '', '', '', NULL, NULL, NULL, NULL, 'Cortex XDR', 'NOIP', 'ศูนย์ขนถ่าย', 'จัดหา', 'เฉพาะฤดูหีบ', '0000-00-00 00:00:00', '0000-00-00 00:00:00', 2, '1', 'โรงงานน้ำตาลขอนแก่น'),
(126, 'wanpen sanubol', 'center75', '', '', 'Windows 10 Pro', NULL, '', '', '', '', '', '', '', '', '', '', '', '', '', NULL, NULL, NULL, NULL, 'Cortex XDR', 'NOIP', 'ศูนย์ขนถ่าย', 'จัดหา', 'เฉพาะฤดูหีบ', '0000-00-00 00:00:00', '0000-00-00 00:00:00', 2, '1', 'โรงงานน้ำตาลขอนแก่น'),
(127, 'wanpen sanubol', 'center76', '', '', 'Windows 10 Pro', NULL, '', '', '', '', '', '', '', '', '', '', '', '', '', NULL, NULL, NULL, NULL, 'Cortex XDR', 'NOIP', 'ศูนย์ขนถ่าย', 'จัดหา', 'เฉพาะฤดูหีบ', '0000-00-00 00:00:00', '0000-00-00 00:00:00', 2, '1', 'โรงงานน้ำตาลขอนแก่น'),
(128, 'wanpen sanubol', 'center77', '', '', 'Windows 10 Pro', NULL, '', '', '', '', '', '', '', '', '', '', '', '', '', NULL, NULL, NULL, NULL, 'Cortex XDR', 'NOIP', 'ศูนย์ขนถ่าย', 'จัดหา', 'เฉพาะฤดูหีบ', '0000-00-00 00:00:00', '0000-00-00 00:00:00', 2, '1', 'โรงงานน้ำตาลขอนแก่น'),
(129, 'wanpen sanubol', 'center78', '', '', 'Windows 10 Pro', NULL, '', '', '', '', '', '', '', '', '', '', '', '', '', NULL, NULL, NULL, NULL, 'Cortex XDR', 'NOIP', 'ศูนย์ขนถ่าย', 'จัดหา', 'เฉพาะฤดูหีบ', '0000-00-00 00:00:00', '0000-00-00 00:00:00', 2, '1', 'โรงงานน้ำตาลขอนแก่น'),
(130, 'wanpen sanubol', 'center79', '', '', 'Windows 10 Pro', NULL, '', '', '', '', '', '', '', '', '', '', '', '', '', NULL, NULL, NULL, NULL, 'Cortex XDR', 'NOIP', 'ศูนย์ขนถ่าย', 'จัดหา', 'เฉพาะฤดูหีบ', '0000-00-00 00:00:00', '0000-00-00 00:00:00', 2, '1', 'โรงงานน้ำตาลขอนแก่น'),
(131, 'wanpen sanubol', 'center80', '', '', 'Windows 10 Pro', NULL, '', '', '', '', '', '', '', '', '', '', '', '', '', NULL, NULL, NULL, NULL, 'Cortex XDR', 'NOIP', 'ศูนย์ขนถ่าย', 'จัดหา', 'เฉพาะฤดูหีบ', '0000-00-00 00:00:00', '0000-00-00 00:00:00', 2, '1', 'โรงงานน้ำตาลขอนแก่น'),
(132, 'wanpen sanubol', 'center81', '', '', 'Windows 10 Pro', NULL, '', '', '', '', '', '', '', '', '', '', '', '', '', NULL, NULL, NULL, NULL, 'Cortex XDR', 'NOIP', 'ศูนย์ขนถ่าย', 'จัดหา', 'เฉพาะฤดูหีบ', '0000-00-00 00:00:00', '0000-00-00 00:00:00', 2, '1', 'โรงงานน้ำตาลขอนแก่น'),
(133, 'wanpen sanubol', 'center82', '', '', 'Windows 10 Pro', NULL, '', '', '', '', '', '', '', '', '', '', '', '', '', NULL, NULL, NULL, NULL, 'Cortex XDR', 'NOIP', 'ศูนย์ขนถ่าย', 'จัดหา', 'เฉพาะฤดูหีบ', '0000-00-00 00:00:00', '0000-00-00 00:00:00', 2, '1', 'โรงงานน้ำตาลขอนแก่น'),
(134, 'wanpen sanubol', 'center83', '', '', 'Windows 10 Pro', NULL, '', '', '', '', '', '', '', '', '', '', '', '', '', NULL, NULL, NULL, NULL, 'Cortex XDR', 'NOIP', 'ศูนย์ขนถ่าย', 'จัดหา', 'เฉพาะฤดูหีบ', '0000-00-00 00:00:00', '0000-00-00 00:00:00', 2, '1', 'โรงงานน้ำตาลขอนแก่น'),
(135, 'wanpen sanubol', 'center84', '', '', 'Windows 10 Pro', NULL, '', '', '', '', '', '', '', '', '', '', '', '', '', NULL, NULL, NULL, NULL, 'Cortex XDR', 'NOIP', 'ศูนย์ขนถ่าย', 'จัดหา', 'เฉพาะฤดูหีบ', '0000-00-00 00:00:00', '0000-00-00 00:00:00', 2, '1', 'โรงงานน้ำตาลขอนแก่น'),
(136, 'Anukoon Boonsri', 'KKS2-SOFTPRO', '', '', 'WIN Server 2012', NULL, '', '', '', '', '', '', '', '', '', '', '', '', '', NULL, NULL, NULL, NULL, 'Cortex XDR', '10.17.1.7', 'วิเคราะห์และประมวลผล', 'วิเคราะห์และประมวลผล', '', '0000-00-00 00:00:00', '0000-00-00 00:00:00', 6, '1', 'โรงงานน้ำตาลขอนแก่น'),
(137, 'Anukoon Boonsri', 'KKS2VMWARE', '', '', 'WIN Server 2008', NULL, '', '', '', '', '', '', '', '', '', '', '', '', '', NULL, NULL, NULL, NULL, 'Cortex XDR', '10.17.1.8', 'วิเคราะห์และประมวลผล', 'วิเคราะห์และประมวลผล', '', '0000-00-00 00:00:00', '0000-00-00 00:00:00', 6, '1', 'โรงงานน้ำตาลขอนแก่น'),
(138, 'anukoon boonsri', 'KSL_WPS_CCTV2', 'Dell 08VT7V', 'Intel(R) Xeon(R) CPU E5-2420', 'WIN Server 2012', '8 GB', '', '', '', '', '', '', '', '', '', '', '', '', '', '[{\"manufacturer\":\"-\",\"serie\":\"-\",\"size\":\"-\"}]', NULL, NULL, NULL, 'Cortex XDR', '10.17.2.254', 'วิเคราะห์และประมวลผล', 'วิเคราะห์และประมวลผล', 'ห้อง Server', '2014-08-19 00:00:00', '0000-00-00 00:00:00', 6, '1', 'โรงงานน้ำตาลขอนแก่น'),
(139, 'anukoon boonsri', 'KSL-WSP-CCTV1', 'Dell 08VT7V', 'Intel(R) Xeon(R) CPU E5-2420', 'WIN Server 2012', '8 GB', '', '', '', '', '', '', '', '', '', '', '', '', '', '[{\"manufacturer\":\"-\",\"serie\":\"-\",\"size\":\"-\"}]', NULL, NULL, NULL, 'Cortex XDR', '10.17.2.253', 'วิเคราะห์และประมวลผล', 'วิเคราะห์และประมวลผล', 'ห้อง Server', '2014-09-19 00:00:00', '0000-00-00 00:00:00', 6, '1', 'โรงงานน้ำตาลขอนแก่น'),
(140, 'Anukoon Boonsri', 'WSP-01-PWR', '', '', 'WIN Server 2008', NULL, '', '', '', '', '', '', '', '', '', '', '', '', '', NULL, NULL, NULL, NULL, 'Cortex XDR', '10.17.1.6', 'วิเคราะห์และประมวลผล', 'วิเคราะห์และประมวลผล', 'ยกเลิกใช้งาน', '0000-00-00 00:00:00', '0000-00-00 00:00:00', 6, '1', 'โรงงานน้ำตาลขอนแก่น'),
(141, 'Anukoon Boonsri', 'WSP-01-SUG', '', '', 'WIN Server 2008', NULL, '', '', '', '', '', '', '', '', '', '', '', '', '', NULL, NULL, NULL, NULL, 'Cortex XDR', '10.17.1.3', 'วิเคราะห์และประมวลผล', 'วิเคราะห์และประมวลผล', '', '0000-00-00 00:00:00', '0000-00-00 00:00:00', 6, '1', 'โรงงานน้ำตาลขอนแก่น'),
(142, 'Anukoon Boonsri', 'WSP-02-AVR', '', '', 'WIN Server 2008', NULL, '', '', '', '', '', '', '', '', '', '', '', '', '', NULL, NULL, NULL, NULL, 'Cortex XDR', '10.17.1.5', 'วิเคราะห์และประมวลผล', 'วิเคราะห์และประมวลผล', '', '0000-00-00 00:00:00', '0000-00-00 00:00:00', 6, '1', 'โรงงานน้ำตาลขอนแก่น'),
(143, 'Anukoon Boonsri', 'WSP-02-WEB', '', '', 'WIN Server 2008', NULL, '', '', '', '', '', '', '', '', '', '', '', '', '', NULL, NULL, NULL, NULL, 'Cortex XDR', '10.17.1.4', 'วิเคราะห์และประมวลผล', 'วิเคราะห์และประมวลผล', '', '0000-00-00 00:00:00', '0000-00-00 00:00:00', 6, '1', 'โรงงานน้ำตาลขอนแก่น'),
(144, 'Nicha Ratthaartwong', 'WSPACCENT-F2108', '', '', 'Windows 10 Pro', NULL, '', '', '', '', '', '', '', '', '', '', '', '', '', NULL, NULL, NULL, NULL, 'Cortex XDR', '10.17.1.148', 'บัญชี', 'บัญชี', '', '0000-00-00 00:00:00', '0000-00-00 00:00:00', 2, '1', 'โรงงานน้ำตาลขอนแก่น'),
(145, 'anukoon boonsri', 'WSP-CCTV-MOBILE', 'Hewlett', 'Intel(R) Xeon(R) CPU W3505', 'Windows 10 Pro', '6 GB', '', '', '', '', '', '', '', '', '', '', '', '', '', '[{\"manufacturer\":\"-\",\"serie\":\"-\",\"size\":\"-\"}]', NULL, NULL, NULL, 'Cortex XDR', '10.17.2.251', 'วิเคราะห์และประมวลผล', 'วิเคราะห์และประมวลผล', '', '2011-01-01 00:00:00', '0000-00-00 00:00:00', 6, '1', 'โรงงานน้ำตาลขอนแก่น'),
(146, 'Anukoon Boonsri', 'WSPFILESVR', 'ProLiant ML310e', 'Intel(R) Xeon(R) CPU E3-1240', 'WIN Server 2008', '8 GB', '1 TB', 'C', '199 GB', '105 GB', '94 GB', 'D', '731 GB', '686 GB', '48 GB', '', '', '', '', '-', '-', '-', 'Onboard', 'Cortex XDR', '10.17.1.30', 'วิเคราะห์และประมวลผล', 'วิเคราะห์และประมวลผล', 'ห้อง Server', '2015-12-16 00:00:00', '2024-08-26 04:00:05', 6, '1', 'โรงงานน้ำตาลขอนแก่น'),
(147, 'Walaiporn Bunjongparu', 'wsphrchec-F1707', '', '', 'Windows 10 Pro', NULL, '', '', '', '', '', '', '', '', '', '', '', '', '', NULL, NULL, NULL, NULL, 'Cortex XDR', '10.17.1.61', 'บุคคล', 'บุคคล', '', '0000-00-00 00:00:00', '0000-00-00 00:00:00', 5, '1', 'โรงงานน้ำตาลขอนแก่น'),
(148, 'anukoon boonsri', 'wspit0001-f1201', 'Dell 0GJF11', 'Intel(R) Core(TM) i5-2520M CPU @ 2.50GHz ', 'Windows 10 Pro', '8 GB', '110 GB', 'C', '110 GB', '80 GB', '30 GB', '', '', '', '', '', '', '', '', 'Dell', '-', '14 นิ้ว', 'Onboard', 'Cortex XDR', '10.17.56.99', 'วิเคราะห์และประมวลผล', 'วิเคราะห์และประมวลผล', 'เครื่อง Manage wifi และโทรศัพท์', '2012-01-27 00:00:00', '2024-08-27 06:38:20', 1, '1', 'โรงงานน้ำตาลขอนแก่น'),
(149, 'Nicha Ratthaartwong', 'WSPOFFI79-F1301', '', '', 'Windows 7 Pro', NULL, '', '', '', '', '', '', '', '', '', '', '', '', '', NULL, NULL, NULL, NULL, 'Cortex XDR', '10.17.1.79', 'บัญชี', 'บัญชี', '', '0000-00-00 00:00:00', '0000-00-00 00:00:00', 2, '1', 'โรงงานน้ำตาลขอนแก่น'),
(150, 'U-sa', 'WSPSECURI-F1502', '', '', 'Windows 10 Pro', NULL, '', '', '', '', '', '', '', '', '', '', '', '', '', NULL, NULL, NULL, NULL, 'Cortex XDR', '10.17.1.143', 'รักษาความปลอดภัย', 'รักษาความปลอดภัย', '', '0000-00-00 00:00:00', '0000-00-00 00:00:00', 2, '1', 'โรงงานน้ำตาลขอนแก่น'),
(151, 'anukoon boonsri', 'wspvpn001-F1201', 'MICRO-STAR 3666h', 'Pentium(R) Dual-Core  CPU      E6700  @ 3.20GHz ', 'Windows 10 Pro', '4 GB', '250 GB', 'C', '99 GB', '42 GB', '51 GB', 'D', '132 GB', '0 GB', '132 GB', '', '', '', '', '-', '-', '0 นิ้ว', '-', 'Cortex XDR', '10.17.57.2', NULL, NULL, 'อยู่ในห้อง Server', '2012-01-28 00:00:00', '2024-08-27 06:33:44', 2, '1', 'โรงงานน้ำตาลขอนแก่น'),
(152, 'anukoon boonsri', 'wspwebser-f1310', 'ASUS M5A78L-M LX V2', 'AMD Athlon(tm) II X3 455 Processor   3.30 GHz', 'Windows 10 Pro', '8 GB', '120 GB', 'C', '70 GB', '57 GB', '11 GB', 'D', '41 GB', '36 GB', '5 GB', '', '', '', '', '-', '-', '-', 'ATI Radeon 3000', 'Cortex XDR', '10.17.1.31', 'วิเคราะห์และประมวลผล', 'วิเคราะห์และประมวลผล', 'Server ', '2012-01-26 00:00:00', '2024-08-27 05:41:53', 6, '1', 'โรงงานน้ำตาลขอนแก่น'),
(153, 'Aekkachai Jaroenchai', 'wspaekkac-F2109', '', '', 'Windows 10 Pro', NULL, '', '', '', '', '', '', '', '', '', '', '', '', '', NULL, NULL, NULL, NULL, 'Cortex XDR', 'dhcp', 'วิศวกรรม', 'วิศวกรรม', '', '0000-00-00 00:00:00', '0000-00-00 00:00:00', 1, '1', 'โรงงานน้ำตาลขอนแก่น'),
(154, 'Alisa Khaengkhan', 'wspjirapo-f1609', '', '', 'Windows 10 Pro', NULL, '', '', '', '', '', '', '', '', '', '', '', '', '', NULL, NULL, NULL, NULL, 'Cortex XDR', '10.17.1.64', 'ธุรการ', 'ธุรการ', '', '0000-00-00 00:00:00', '0000-00-00 00:00:00', 2, '1', 'โรงงานน้ำตาลขอนแก่น'),
(155, 'Ammarin Chumwaengwapee', 'wspammari-f1701', '', '', 'Windows 10 Pro', NULL, '', '', '', '', '', '', '', '', '', '', '', '', '', NULL, NULL, NULL, NULL, 'Cortex XDR', 'dhcp', 'วิศวกรรม', 'วิศวกรรม', '', '0000-00-00 00:00:00', '0000-00-00 00:00:00', 1, '1', 'โรงงานน้ำตาลขอนแก่น'),
(156, 'Amornthep Hodrat', 'wspamornt-F2111', '', '', 'Windows 10 Pro', NULL, '', '', '', '', '', '', '', '', '', '', '', '', '', NULL, NULL, NULL, NULL, 'Cortex XDR', 'dhcp', 'วิศวกรรม', 'วิศวกรรม', '', '0000-00-00 00:00:00', '0000-00-00 00:00:00', 1, '1', 'โรงงานน้ำตาลขอนแก่น'),
(157, 'Anek Wachaisri', 'wspanekwa-f2309', '', '', 'Windows 11 Pro', NULL, '', '', '', '', '', '', '', '', '', '', '', '', '', NULL, NULL, NULL, NULL, 'Cortex XDR', '10.17.56.61', 'จัดหา', 'จัดหา', '', '0000-00-00 00:00:00', '0000-00-00 00:00:00', 1, '1', 'โรงงานน้ำตาลขอนแก่น'),
(158, 'Anong Tapim', 'wspanong-f0619', '', '', 'Windows 10 Pro', NULL, '', '', '', '', '', '', '', '', '', '', '', '', '', NULL, NULL, NULL, NULL, 'Cortex XDR', 'dhcp', 'ควบคุมคุณภาพ', 'ควบคุมคุณภาพ', '', '0000-00-00 00:00:00', '0000-00-00 00:00:00', 2, '1', 'โรงงานน้ำตาลขอนแก่น'),
(159, 'Anukoon Boonsri', 'wspanukoo-f2103', 'ASUS P8H77-M LE', 'Intel(R) Core(TM) i5-3570', 'Windows 10 Pro', '8 GB', '250 GB+1 TB', 'C', '179 GB', '162 GB', '17 GB', 'D', '25 GB', '37 GB', '14 GB', 'E', '1000 GB', '529 GB', '402 GB', 'Dell', 'S2340LC', '24', 'NVIDIA Deforce 210', 'Cortex XDR', '10.17.1.156', 'วิเคราะห์และประมวลผล', 'วิเคราะห์และประมวลผล', '', '2018-06-21 00:00:00', '2024-08-26 03:40:07', 2, '1', 'โรงงานน้ำตาลขอนแก่น'),
(160, 'Waraporn Khoburee', 'wspwarapo-F2012', '', '', 'Windows 10 Pro', NULL, '', '', '', '', '', '', '', '', '', '', '', '', '', NULL, NULL, NULL, NULL, 'Cortex XDR', '10.17.1.190', 'การเงิน', 'การเงิน', '', '0000-00-00 00:00:00', '0000-00-00 00:00:00', 2, '1', 'โรงงานน้ำตาลขอนแก่น'),
(161, 'Apantree Phanchai', 'wspapantr-f1905', '', '', 'Windows 10 Pro', NULL, '', '', '', '', '', '', '', '', '', '', '', '', '', NULL, NULL, NULL, NULL, 'Cortex XDR', '10.17.1.94', 'นิติกร', 'นิติกร', '', '0000-00-00 00:00:00', '0000-00-00 00:00:00', 2, '1', 'โรงงานน้ำตาลขอนแก่น'),
(162, 'Apinya Thammasom', 'wspjirara-f2205', '', '', 'Windows 10 Pro', NULL, '', '', '', '', '', '', '', '', '', '', '', '', '', NULL, NULL, NULL, NULL, 'Cortex XDR', '10.17.1.65', 'ธุรการ', 'ธุรการ', '', '0000-00-00 00:00:00', '0000-00-00 00:00:00', 2, '1', 'โรงงานน้ำตาลขอนแก่น'),
(163, 'Atthapong Kunsa', 'wspatthap-f2403', '', '', 'Windows 11 Pro', NULL, '', '', '', '', '', '', '', '', '', '', '', '', '', NULL, NULL, NULL, NULL, 'Cortex XDR', '10.17.1.166', 'คลังสินค้า', 'คลังสินค้า', '', '0000-00-00 00:00:00', '0000-00-00 00:00:00', 2, '1', 'โรงงานน้ำตาลขอนแก่น'),
(164, 'Banyong Watjarin', 'wspbanyon-f0115', '', '', 'Windows 10 Pro', NULL, '', '', '', '', '', '', '', '', '', '', '', '', '', NULL, NULL, NULL, NULL, 'Cortex XDR', 'dhcp', 'ยานยนต์', 'ยานยนต์', '', '0000-00-00 00:00:00', '0000-00-00 00:00:00', 1, '1', 'โรงงานน้ำตาลขอนแก่น'),
(165, 'Benjamat Kammungkun', 'wspbenjam-f1101', '', '', 'Windows 10 Pro', NULL, '', '', '', '', '', '', '', '', '', '', '', '', '', NULL, NULL, NULL, NULL, 'Cortex XDR', '10.17.1.85', 'บุคคล', 'บุคคล', '', '0000-00-00 00:00:00', '0000-00-00 00:00:00', 2, '1', 'โรงงานน้ำตาลขอนแก่น'),
(166, 'Nanthiya Kham-Ao', 'wspcane11-f1401', '', '', 'Windows 10 Pro', NULL, '', '', '', '', '', '', '', '', '', '', '', '', '', NULL, NULL, NULL, NULL, 'Cortex XDR', '10.17.1.135', 'ห้องชั่ง', 'ห้องชั่ง', 'เฉพาะฤดูหีบ', '0000-00-00 00:00:00', '0000-00-00 00:00:00', 2, '1', 'โรงงานน้ำตาลขอนแก่น'),
(167, 'anuwat Seemee', 'wspcctv01-f2401', '', '', 'Windows 11 Pro', NULL, '', '', '', '', '', '', '', '', '', '', '', '', '', NULL, NULL, NULL, NULL, 'Cortex XDR', '10.17.2.13', 'cctv', 'cctv', '', '0000-00-00 00:00:00', '0000-00-00 00:00:00', 2, '1', 'โรงงานน้ำตาลขอนแก่น'),
(168, 'anuwat Seemee', 'wspcctv02-f2402', '', '', 'Windows 11 Pro', NULL, '', '', '', '', '', '', '', '', '', '', '', '', '', NULL, NULL, NULL, NULL, 'Cortex XDR', '10.17.1.27', 'cctv', 'cctv', '', '0000-00-00 00:00:00', '0000-00-00 00:00:00', 2, '1', 'โรงงานน้ำตาลขอนแก่น'),
(169, 'Chalermchai Chanfai', 'wspchaler-f1901', '', '', 'Windows 10 Pro', NULL, '', '', '', '', '', '', '', '', '', '', '', '', '', NULL, NULL, NULL, NULL, 'Cortex XDR', '10.17.1.52', 'Office โรงไฟฟ้า', 'ผจก. KKP', '', '0000-00-00 00:00:00', '0000-00-00 00:00:00', 1, '1', 'โรงงานไฟฟ้าน้ำตาลขอนแก่น'),
(170, 'Chanwit Saenkaew', 'wspchanwi-f2302', '', '', 'Windows 11 Pro', NULL, '', '', '', '', '', '', '', '', '', '', '', '', '', NULL, NULL, NULL, NULL, 'Cortex XDR', 'dhcp', 'วิศวกรรม', 'วิศวกรรม', '', '0000-00-00 00:00:00', '0000-00-00 00:00:00', 2, '1', 'โรงงานน้ำตาลขอนแก่น'),
(171, 'Chawish BangPra-in', 'wspchawis-f1308', '', '', 'Windows 10 Pro', NULL, '', '', '', '', '', '', '', '', '', '', '', '', '', NULL, NULL, NULL, NULL, 'Cortex XDR', 'dhcp', 'วิศวกรรม', 'วิศวกรรม', '', '0000-00-00 00:00:00', '0000-00-00 00:00:00', 1, '1', 'โรงงานน้ำตาลขอนแก่น'),
(172, '', 'wspkkscar-f2205', '', '', 'Windows 10 Pro', NULL, '', '', '', '', '', '', '', '', '', '', '', '', '', NULL, NULL, NULL, NULL, 'Cortex XDR', 'dhcp', 'ยานยนต์', 'ยานยนต์', '', '0000-00-00 00:00:00', '0000-00-00 00:00:00', 2, '1', 'โรงงานน้ำตาลขอนแก่น'),
(173, 'DCWSP', 'wspsasiri-f0418', '', '', 'Windows 10 Pro', NULL, '', '', '', '', '', '', '', '', '', '', '', '', '', NULL, NULL, NULL, NULL, 'Cortex XDR', 'dhcp', 'วิศวกรรม', 'วิศวกรรม', '', '0000-00-00 00:00:00', '0000-00-00 00:00:00', 2, '1', 'โรงงานน้ำตาลขอนแก่น'),
(174, 'Irin Sirisuwan', 'wspirinsi-f2309', '', '', 'Windows 11 Pro', NULL, '', '', '', '', '', '', '', '', '', '', '', '', '', NULL, NULL, NULL, NULL, 'Cortex XDR', 'dhcp', 'Office โรงไฟฟ้า', 'วิศวกรรม', '', '0000-00-00 00:00:00', '0000-00-00 00:00:00', 1, '1', 'โรงงานไฟฟ้าน้ำตาลขอนแก่น'),
(175, 'Ittipon Ratanavisit', 'wspittipo-F2108', '', '', 'Windows 11 Pro', NULL, '', '', '', '', '', '', '', '', '', '', '', '', '', NULL, NULL, NULL, NULL, 'Cortex XDR', '10.17.1.19', 'สำนักงาน', 'ผอ.การผลิต', '', '0000-00-00 00:00:00', '0000-00-00 00:00:00', 2, '1', 'โรงงานน้ำตาลขอนแก่น'),
(176, 'Ittipon Ratanavisit', 'wspittipo-f1702', '', '', 'Windows 10 Pro', NULL, '', '', '', '', '', '', '', '', '', '', '', '', '', NULL, NULL, NULL, NULL, 'Cortex XDR', 'dhcp', 'วิเคราะห์และประมวลผล', 'วิเคราะห์และประมวลผล', '', '0000-00-00 00:00:00', '0000-00-00 00:00:00', 1, '1', 'โรงงานน้ำตาลขอนแก่น'),
(177, 'Oatthaphon Phiawong', 'wspoattha-f2407', 'PRIME B760M-K D4', 'Intel Core i5 13400', 'Windows 10 Pro', '8 GB', '1TB', 'C', '200 GB', '140 GB', '60 GB', 'D', '730 GB', '2 GB', '728 GB', 'E', '96 GB', '67 GB', '29 GB', 'samsung', 'SyncMaster S20B300', '20 นิ้ว', 'Intel(R) UHD Graphics 730', 'Cortex XDR', '10.17.1.152', 'วิเคราะห์และประมวลผล', 'วิเคราะห์และประมวลผล', '', '0000-00-00 00:00:00', '2024-08-26 06:32:29', 2, '1', 'โรงงานน้ำตาลขอนแก่น'),
(178, 'Jatoopong Taisakul', 'wspjatupo-f1806', '', '', 'Windows 10 Pro', NULL, '', '', '', '', '', '', '', '', '', '', '', '', '', NULL, NULL, NULL, NULL, 'Cortex XDR', '10.17.1.142', 'ความปลอดภัยและสิ่งแวดล้อม', 'ความปลอดภัยและสิ่งแวดล้อม', '', '0000-00-00 00:00:00', '0000-00-00 00:00:00', 1, '1', 'โรงงานน้ำตาลขอนแก่น'),
(179, 'Jiraporn Cherdchoo', 'wspjirapo-f1212', '', '', 'Windows 10 Pro', NULL, '', '', '', '', '', '', '', '', '', '', '', '', '', NULL, NULL, NULL, NULL, 'Cortex XDR', '10.17.1.106', 'พัสดุ', 'พัสดุ', '', '0000-00-00 00:00:00', '0000-00-00 00:00:00', 2, '1', 'โรงงานน้ำตาลขอนแก่น'),
(180, 'Jutanan Manosa', 'wspjutana-f1701', '', '', 'Windows 10 Pro', NULL, '', '', '', '', '', '', '', '', '', '', '', '', '', NULL, NULL, NULL, NULL, 'Cortex XDR', 'dhcp', 'วิศวกรรม', 'วิศวกรรม', '', '0000-00-00 00:00:00', '0000-00-00 00:00:00', 1, '1', 'โรงงานน้ำตาลขอนแก่น'),
(181, 'Kannika Sanpromma', 'wspkannik-f2311', '', '', 'Windows 11 Pro', NULL, '', '', '', '', '', '', '', '', '', '', '', '', '', NULL, NULL, NULL, NULL, 'Cortex XDR', '10.17.1.115', 'พัสดุ', 'พัสดุ', '', '0000-00-00 00:00:00', '0000-00-00 00:00:00', 2, '1', 'โรงงานน้ำตาลขอนแก่น'),
(182, 'Kanokwan Khotsupho', 'WSPKANOKK-F1102', '', '', 'Windows 10 Pro', NULL, '', '', '', '', '', '', '', '', '', '', '', '', '', NULL, NULL, NULL, NULL, 'Cortex XDR', '10.17.1.72', 'บัญชี', 'บัญชี', '', '0000-00-00 00:00:00', '0000-00-00 00:00:00', 2, '1', 'โรงงานน้ำตาลขอนแก่น'),
(183, 'Karuna Chuenban', 'wspkaruna-f1803', '', '', 'Windows 10 Pro', NULL, '', '', '', '', '', '', '', '', '', '', '', '', '', NULL, NULL, NULL, NULL, 'Cortex XDR', '10.17.1.145', 'สำนักงาน', 'DVM', '', '0000-00-00 00:00:00', '0000-00-00 00:00:00', 2, '1', 'โรงงานน้ำตาลขอนแก่น'),
(184, 'Ketsarin Changin', 'wspketsar-f1701', '', '', 'Windows 10 Pro', NULL, '', '', '', '', '', '', '', '', '', '', '', '', '', NULL, NULL, NULL, NULL, 'Cortex XDR', '10.17.1.196', 'ความปลอดภัยและสิ่งแวดล้อม', 'ความปลอดภัยและสิ่งแวดล้อม', '', '0000-00-00 00:00:00', '0000-00-00 00:00:00', 1, '1', 'โรงงานไฟฟ้าน้ำตาลขอนแก่น'),
(185, 'Khomsan Sorntepa', 'wspca0002-f1408', '', '', 'Windows 10 Pro', NULL, '', '', '', '', '', '', '', '', '', '', '', '', '', NULL, NULL, NULL, NULL, 'Cortex XDR', 'dhcp', 'จัดหา', 'จัดหา', '', '0000-00-00 00:00:00', '0000-00-00 00:00:00', 1, '1', 'โรงงานน้ำตาลขอนแก่น'),
(186, 'Athirat Yotongyot', 'wspkittic-F1302', '', '', 'Windows 10 Pro', NULL, '', '', '', '', '', '', '', '', '', '', '', '', '', NULL, NULL, NULL, NULL, 'Cortex XDR', '10.17.1.103', 'พัสดุ', 'พัสดุ', '', '0000-00-00 00:00:00', '0000-00-00 00:00:00', 2, '1', 'โรงงานน้ำตาลขอนแก่น'),
(187, 'Kittisak Thuraphaeng', 'wspkittis-F1208', '', '', 'Windows 10 Pro', NULL, '', '', '', '', '', '', '', '', '', '', '', '', '', NULL, NULL, NULL, NULL, 'Cortex XDR', '10.17.1.108', 'พัสดุ', 'พัสดุ', '', '0000-00-00 00:00:00', '0000-00-00 00:00:00', 2, '1', 'โรงงานน้ำตาลขอนแก่น'),
(188, 'kobkaew janthawisai', 'WSPKOBKAE-F2301', '', '', 'Windows 11 Pro', NULL, '', '', '', '', '', '', '', '', '', '', '', '', '', NULL, NULL, NULL, NULL, 'Cortex XDR', '10.17.1.154', 'จัดหา', 'จัดหา', '', '0000-00-00 00:00:00', '0000-00-00 00:00:00', 2, '1', 'โรงงานน้ำตาลขอนแก่น'),
(189, 'Kuakoon Trakoonvong', 'wspkuakoo-F2310', 'PRIME B760M-K D4', '13th Gen Intel(R) Core(TM) i5-13400   2.50 GHz', 'Windows 11 Pro', '16 GB', '', '', '', '', '', '', '', '', '', '', '', '', '', '[{\"manufacturer\":\"SAMSUNG\",\"serie\":\"S24F350FH\",\"size\":\"24\"}]', NULL, NULL, NULL, 'Cortex XDR', '10.17.1.132', 'วิเคราะห์และประมวลผล', 'วิเคราะห์และประมวลผล', '', '2023-10-21 00:00:00', '0000-00-00 00:00:00', 2, '1', 'โรงงานน้ำตาลขอนแก่น'),
(190, 'Likitporn Chaidee', 'wsplikitp-f1203', '', '', 'Windows 10 Pro', NULL, '', '', '', '', '', '', '', '', '', '', '', '', '', NULL, NULL, NULL, NULL, 'Cortex XDR', 'dhcp', 'ยานยนต์', 'ยานยนต์', '', '0000-00-00 00:00:00', '0000-00-00 00:00:00', 2, '1', 'โรงงานน้ำตาลขอนแก่น'),
(191, 'Mattika Buddawong', 'wspmuttik-f1305', '', '', 'Windows 10 Pro', NULL, '', '', '', '', '', '', '', '', '', '', '', '', '', NULL, NULL, NULL, NULL, 'Cortex XDR', '10.17.1.80', 'คลังสินค้า', 'คลังสินค้า', '', '0000-00-00 00:00:00', '0000-00-00 00:00:00', 2, '1', 'โรงงานน้ำตาลขอนแก่น'),
(192, 'nalinrat yinyom', 'WSPNALINR-F2202', '', '', 'Windows 10 Pro', NULL, '', '', '', '', '', '', '', '', '', '', '', '', '', NULL, NULL, NULL, NULL, 'Cortex XDR', '10.17.1.68', 'สำนักงาน', 'คลังสินค้า', '', '0000-00-00 00:00:00', '0000-00-00 00:00:00', 2, '1', 'โรงงานน้ำตาลขอนแก่น'),
(193, 'Nanthiya Kham-Ao', 'wspwm000-F1601', '', '', 'Windows 10 Pro', NULL, '', '', '', '', '', '', '', '', '', '', '', '', '', NULL, NULL, NULL, NULL, 'Cortex XDR', '10.17.1.130', 'ห้องชั่ง', 'ห้องชั่ง', '', '0000-00-00 00:00:00', '0000-00-00 00:00:00', 2, '1', 'โรงงานน้ำตาลขอนแก่น'),
(194, 'Naphat Phonson', 'WSPNAPHAT-F1208', '', '', 'Windows 10 Pro', NULL, '', '', '', '', '', '', '', '', '', '', '', '', '', NULL, NULL, NULL, NULL, 'Cortex XDR', '10.17.1.149', 'จัดหา', 'จัดหา', '', '0000-00-00 00:00:00', '0000-00-00 00:00:00', 2, '1', 'โรงงานน้ำตาลขอนแก่น'),
(195, 'Naphat Phonson', 'wspnaphat-f2102', '', '', 'Windows 10 Pro', NULL, '', '', '', '', '', '', '', '', '', '', '', '', '', NULL, NULL, NULL, NULL, 'Cortex XDR', 'dhcp', 'จัดหา', 'จัดหา', '', '0000-00-00 00:00:00', '0000-00-00 00:00:00', 1, '1', 'โรงงานน้ำตาลขอนแก่น'),
(196, 'Narumol Ekamorn', 'WSPNARUMO-F2403', '', '', 'Windows 10 Pro', NULL, '', '', '', '', '', '', '', '', '', '', '', '', '', NULL, NULL, NULL, NULL, 'Cortex XDR', '10.17.1.67', 'การเงิน', 'การเงิน', '', '0000-00-00 00:00:00', '0000-00-00 00:00:00', 2, '1', 'โรงงานน้ำตาลขอนแก่น'),
(197, 'Natthida Phutula', 'WSPMARISA-F1803', '', '', 'Windows 10 Pro', NULL, '', '', '', '', '', '', '', '', '', '', '', '', '', NULL, NULL, NULL, NULL, 'Cortex XDR', '10.17.1.83', 'บุคคล', 'บุคคล', '', '0000-00-00 00:00:00', '0000-00-00 00:00:00', 2, '1', 'โรงงานน้ำตาลขอนแก่น'),
(198, 'Nuttapon  Tingpipatanakumpol', 'wspnuttap-f2312', '', '', 'Windows 11 Pro', NULL, '', '', '', '', '', '', '', '', '', '', '', '', '', NULL, NULL, NULL, NULL, 'Cortex XDR', 'dhcp', 'วิศวกรรม', 'ผจก.ผลิต', '', '0000-00-00 00:00:00', '0000-00-00 00:00:00', 1, '1', 'โรงงานน้ำตาลขอนแก่น'),
(199, 'Pakamat Suwore', 'wsppakama-F1812', '', '', 'Windows 10 Pro', NULL, '', '', '', '', '', '', '', '', '', '', '', '', '', NULL, NULL, NULL, NULL, 'Cortex XDR', '10.17.1.198', 'ความปลอดภัยและสิ่งแวดล้อม', 'ความปลอดภัยและสิ่งแวดล้อม', '', '0000-00-00 00:00:00', '0000-00-00 00:00:00', 1, '1', 'โรงงานน้ำตาลขอนแก่น'),
(200, 'Palakorn Poomma', 'wsppalako-f2124', '', '', 'Windows 10 Pro', NULL, '', '', '', '', '', '', '', '', '', '', '', '', '', NULL, NULL, NULL, NULL, 'Cortex XDR', 'dhcp', 'วิศวกรรม', 'วิศวกรรม', '', '0000-00-00 00:00:00', '0000-00-00 00:00:00', 1, '1', 'โรงงานน้ำตาลขอนแก่น'),
(201, 'Nicha Ratthaartwong', 'WSPPATTAR-F1202', '', '', 'Windows 10 Pro', NULL, '', '', '', '', '', '', '', '', '', '', '', '', '', NULL, NULL, NULL, NULL, 'Cortex XDR', '10.17.1.75', 'บัญชี', 'บัญชี', '', '0000-00-00 00:00:00', '0000-00-00 00:00:00', 2, '1', 'โรงงานน้ำตาลขอนแก่น'),
(202, 'Patthanapong Purun', 'WSPPATTHA-F1612', '', '', 'Windows 7 Pro', NULL, '', '', '', '', '', '', '', '', '', '', '', '', '', NULL, NULL, NULL, NULL, 'Cortex XDR', '10.17.1.86', 'บุคคล', 'บุคคล', '', '0000-00-00 00:00:00', '0000-00-00 00:00:00', 2, '1', 'โรงงานน้ำตาลขอนแก่น'),
(203, 'Personal_WSP', 'wspperson-f1202', '', '', 'Windows 10 Pro', NULL, '', '', '', '', '', '', '', '', '', '', '', '', '', NULL, NULL, NULL, NULL, 'Cortex XDR', '10.17.1.81', 'บุคคล', 'บุคคล', '', '0000-00-00 00:00:00', '0000-00-00 00:00:00', 2, '1', 'โรงงานน้ำตาลขอนแก่น'),
(204, 'Phanuwat Juntabubpa', 'wsppanuwa-F0119', '', '', 'Windows 10 Pro', NULL, '', '', '', '', '', '', '', '', '', '', '', '', '', NULL, NULL, NULL, NULL, 'Cortex XDR', 'dhcp', 'Office โรงไฟฟ้า', 'วิศวกรรม', '', '0000-00-00 00:00:00', '0000-00-00 00:00:00', 1, '1', 'โรงงานไฟฟ้าน้ำตาลขอนแก่น'),
(205, 'phatcharapa ruawicha', 'WSPPHATCH-F2205', '', '', 'Windows 10 Pro', NULL, '', '', '', '', '', '', '', '', '', '', '', '', '', NULL, NULL, NULL, NULL, 'Cortex XDR', '10.17.1.192', 'บัญชี', 'บัญชี', '', '0000-00-00 00:00:00', '0000-00-00 00:00:00', 2, '1', 'โรงงานน้ำตาลขอนแก่น'),
(206, 'Phattharawadee Boonyai', 'wspphatth-f1801', '', '', 'Windows 10 Pro', NULL, '', '', '', '', '', '', '', '', '', '', '', '', '', NULL, NULL, NULL, NULL, 'Cortex XDR', '10.17.1.71', 'บัญชี', 'บัญชี', '', '0000-00-00 00:00:00', '0000-00-00 00:00:00', 2, '1', 'โรงงานน้ำตาลขอนแก่น'),
(207, 'Aommanee Tapim', 'wspaomman-f2302', '', '', 'Windows 11 Pro', NULL, '', '', '', '', '', '', '', '', '', '', '', '', '', NULL, NULL, NULL, NULL, 'Cortex XDR', '10.17.1.69', 'การเงิน', 'การเงิน', '', '0000-00-00 00:00:00', '0000-00-00 00:00:00', 2, '1', 'โรงงานน้ำตาลขอนแก่น'),
(208, 'Phimchanok Phimsuttikul', 'WSPPHIMCH-F2401', '', '', 'Windows 11 Pro', NULL, '', '', '', '', '', '', '', '', '', '', '', '', '', NULL, NULL, NULL, NULL, 'Cortex XDR', 'dhcp', 'Office โรงไฟฟ้า', 'วิศวกรรม', '', '0000-00-00 00:00:00', '0000-00-00 00:00:00', 1, '1', 'โรงงานไฟฟ้าน้ำตาลขอนแก่น'),
(209, 'Phlaikaeo Buntachan', 'wspphlaik-f1706', '', '', 'Windows 10 Pro', NULL, '', '', '', '', '', '', '', '', '', '', '', '', '', NULL, NULL, NULL, NULL, 'Cortex XDR', 'dhcp', 'วิศวกรรม', 'วิศวกรรม', '', '0000-00-00 00:00:00', '0000-00-00 00:00:00', 1, '1', 'โรงงานน้ำตาลขอนแก่น'),
(210, 'Phongsak Sihanat', 'ITCR2209-02', '', '', 'Windows 11 Pro', NULL, '', '', '', '', '', '', '', '', '', '', '', '', '', NULL, NULL, NULL, NULL, 'Cortex XDR', 'dhcp', 'Office โรงไฟฟ้า', 'วิศวกรรม', '', '0000-00-00 00:00:00', '0000-00-00 00:00:00', 1, '1', 'โรงงานไฟฟ้าน้ำตาลขอนแก่น'),
(211, 'pimpa donraksa', 'WSPPIMPAK-F1202', '', '', 'Windows 10 Pro', NULL, '', '', '', '', '', '', '', '', '', '', '', '', '', NULL, NULL, NULL, NULL, 'Cortex XDR', '10.17.1.73', 'บัญชี', 'บัญชี', '', '0000-00-00 00:00:00', '0000-00-00 00:00:00', 2, '1', 'โรงงานน้ำตาลขอนแก่น'),
(212, 'Pitchapat Nanna', 'wsppitcha-f2010', '', '', 'Windows 10 Pro', NULL, '', '', '', '', '', '', '', '', '', '', '', '', '', NULL, NULL, NULL, NULL, 'Cortex XDR', 'dhcp', 'Office โรงไฟฟ้า', 'วิศวกรรม', '', '0000-00-00 00:00:00', '0000-00-00 00:00:00', 1, '1', 'โรงงานไฟฟ้าน้ำตาลขอนแก่น'),
(213, 'piyaboot rukchart', 'WSPPIYABO-F1401', '', '', 'Windows 10 Pro', NULL, '', '', '', '', '', '', '', '', '', '', '', '', '', NULL, NULL, NULL, NULL, 'Cortex XDR', '10.17.1.105', 'พัสดุ', 'พัสดุ', '', '0000-00-00 00:00:00', '0000-00-00 00:00:00', 2, '1', 'โรงงานน้ำตาลขอนแก่น'),
(214, 'Pornnipa Pakdee', 'wspjatupor-fnb', '', '', 'Windows 10 Pro', NULL, '', '', '', '', '', '', '', '', '', '', '', '', '', NULL, NULL, NULL, NULL, 'Cortex XDR', 'dhcp', 'วิศวกรรม', 'วิศวกรรม', '', '0000-00-00 00:00:00', '0000-00-00 00:00:00', 1, '1', 'โรงงานน้ำตาลขอนแก่น'),
(215, 'Praphatsorn Muenin', 'wspprapha-f2407', '', '', 'Windows 11 Pro', NULL, '', '', '', '', '', '', '', '', '', '', '', '', '', NULL, NULL, NULL, NULL, 'Cortex XDR', 'dhcp', 'วิศวกรรม', 'วิศวกรรม', '', '0000-00-00 00:00:00', '0000-00-00 00:00:00', 5, '1', 'โรงงานน้ำตาลขอนแก่น'),
(216, 'Prapon Shuthamma', 'wspprapon-f1701', '', '', 'Windows 10 Pro', NULL, '', '', '', '', '', '', '', '', '', '', '', '', '', NULL, NULL, NULL, NULL, 'Cortex XDR', '10.17.1.122', 'ความปลอดภัยและสิ่งแวดล้อม', 'ความปลอดภัยและสิ่งแวดล้อม', '', '0000-00-00 00:00:00', '0000-00-00 00:00:00', 2, '1', 'โรงงานน้ำตาลขอนแก่น'),
(217, 'Athirat Yotongyot', 'WSPATTHIR-F2211', '', '', 'Windows 11 Pro', NULL, '', '', '', '', '', '', '', '', '', '', '', '', '', NULL, NULL, NULL, NULL, 'Cortex XDR', '10.17.1.101', 'พัสดุ', 'พัสดุ', '', '0000-00-00 00:00:00', '0000-00-00 00:00:00', 2, '1', 'โรงงานน้ำตาลขอนแก่น'),
(218, 'Pruksa Pimkhet', 'WSPPRUKSA-F2407', '', '', 'Windows 10 Pro', NULL, '', '', '', '', '', '', '', '', '', '', '', '', '', NULL, NULL, NULL, NULL, 'Cortex XDR', '10.17.1.78', 'บัญชี', 'บัญชี', '', '0000-00-00 00:00:00', '0000-00-00 00:00:00', 2, '1', 'โรงงานน้ำตาลขอนแก่น'),
(219, 'Puririn Rintramee', 'wsppuriri-f2407', '', '', 'Windows 11 Pro', NULL, '', '', '', '', '', '', '', '', '', '', '', '', '', NULL, NULL, NULL, NULL, 'Cortex XDR', 'dhcp', 'นิติกร', 'นิติกร', '', '0000-00-00 00:00:00', '0000-00-00 00:00:00', 1, '1', 'โรงงานน้ำตาลขอนแก่น'),
(220, 'Puttaraksa Jitchaiyaphum', 'wspputtar-F2105', '', '', 'Windows 10 Pro', NULL, '', '', '', '', '', '', '', '', '', '', '', '', '', NULL, NULL, NULL, NULL, 'Cortex XDR', '10.17.1.212', 'ความปลอดภัยและสิ่งแวดล้อม', 'ความปลอดภัยและสิ่งแวดล้อม', '', '0000-00-00 00:00:00', '0000-00-00 00:00:00', 2, '1', 'โรงงานไฟฟ้าน้ำตาลขอนแก่น'),
(221, 'Phimchanok Phimsuttikul', 'WSPQCKSPP-F1601', '', '', 'Windows 10 Pro', NULL, '', '', '', '', '', '', '', '', '', '', '', '', '', NULL, NULL, NULL, NULL, 'Cortex XDR', '10.17.1.197', 'QC โรงไฟฟ้า', 'ควบคุมคุณภาพ', '', '0000-00-00 00:00:00', '0000-00-00 00:00:00', 2, '1', 'โรงงานไฟฟ้าน้ำตาลขอนแก่น'),
(222, 'QCWSP', 'wspkksqc1-f1201', '', '', 'Windows 10 Pro', NULL, '', '', '', '', '', '', '', '', '', '', '', '', '', NULL, NULL, NULL, NULL, 'Cortex XDR', 'dhcp', 'ควบคุมคุณภาพ', 'ควบคุมคุณภาพ', '', '0000-00-00 00:00:00', '0000-00-00 00:00:00', 2, '1', 'โรงงานน้ำตาลขอนแก่น'),
(223, 'QCWSP', 'wspkksqc2-f2407', '', '', 'Windows 11 Pro', NULL, '', '', '', '', '', '', '', '', '', '', '', '', '', NULL, NULL, NULL, NULL, 'Cortex XDR', 'dhcp', 'ควบคุมคุณภาพ', 'ควบคุมคุณภาพ', '', '0000-00-00 00:00:00', '0000-00-00 00:00:00', 5, '1', 'โรงงานน้ำตาลขอนแก่น'),
(224, 'Saowanee  Srichengsa', 'WSPSAPWAN-F2403', '', '', 'Windows 11 Pro', NULL, '', '', '', '', '', '', '', '', '', '', '', '', '', NULL, NULL, NULL, NULL, 'Cortex XDR', '10.17.1.58', 'ธุรการ', 'ธุรการ', '', '0000-00-00 00:00:00', '0000-00-00 00:00:00', 2, '1', 'โรงงานน้ำตาลขอนแก่น'),
(225, 'Sasinan Arcwichai', 'WSPSASINA-F2401', '', '', 'Windows 11 Pro', NULL, '', '', '', '', '', '', '', '', '', '', '', '', '', NULL, NULL, NULL, NULL, 'Cortex XDR', '10.17.1.157', 'จัดหา', 'จัดหา', '', '0000-00-00 00:00:00', '0000-00-00 00:00:00', 2, '1', 'โรงงานน้ำตาลขอนแก่น'),
(226, 'sasitorn bongkaew', 'WSPsasito-F1501', '', '', 'Windows 10 Pro', NULL, '', '', '', '', '', '', '', '', '', '', '', '', '', NULL, NULL, NULL, NULL, 'Cortex XDR', '10.17.1.158', 'จัดหา', 'จัดหา', '', '0000-00-00 00:00:00', '0000-00-00 00:00:00', 2, '1', 'โรงงานน้ำตาลขอนแก่น'),
(227, 'Sawitree Kruehong', 'WSPSAWITR-F1806', '', '', 'Windows 10 Pro', NULL, '', '', '', '', '', '', '', '', '', '', '', '', '', NULL, NULL, NULL, NULL, 'Cortex XDR', '10.17.1.66', 'การเงิน', 'การเงิน', '', '0000-00-00 00:00:00', '0000-00-00 00:00:00', 2, '1', 'โรงงานน้ำตาลขอนแก่น'),
(228, 'Sirilak Sriburin', 'WSPSIRILA-F1203', '', '', 'Windows 10 Pro', NULL, '', '', '', '', '', '', '', '', '', '', '', '', '', NULL, NULL, NULL, NULL, 'Cortex XDR', '10.17.1.124', 'ความปลอดภัยและสิ่งแวดล้อม', 'ความปลอดภัยและสิ่งแวดล้อม', '', '0000-00-00 00:00:00', '0000-00-00 00:00:00', 2, '1', 'โรงงานน้ำตาลขอนแก่น'),
(229, 'Siwanart Boonyakiti', 'wspsiwana-f2301', '', '', 'Windows 11 Pro', NULL, '', '', '', '', '', '', '', '', '', '', '', '', '', NULL, NULL, NULL, NULL, 'Cortex XDR', '10.17.1.91', 'จัดหา', 'จัดหา', '', '0000-00-00 00:00:00', '0000-00-00 00:00:00', 2, '1', 'โรงงานน้ำตาลขอนแก่น'),
(230, 'Somjat Singtongrach', 'wspsomjat-F2308', '', '', 'Windows 11 Pro', NULL, '', '', '', '', '', '', '', '', '', '', '', '', '', NULL, NULL, NULL, NULL, 'Cortex XDR', '10.17.56.26', 'จัดหา', 'จัดหา', '', '0000-00-00 00:00:00', '0000-00-00 00:00:00', 1, '1', 'โรงงานน้ำตาลขอนแก่น'),
(231, 'Somporn Sariya', 'wspsompor-f1308', '', '', 'Windows 10 Pro', NULL, '', '', '', '', '', '', '', '', '', '', '', '', '', NULL, NULL, NULL, NULL, 'Cortex XDR', '10.17.1.29', 'พัสดุ', 'พัสดุ', '', '0000-00-00 00:00:00', '0000-00-00 00:00:00', 2, '1', 'โรงงานน้ำตาลขอนแก่น'),
(232, 'Sopida Suebwongsa', 'wspsopida-f2202', '', '', 'Windows 10 Pro', NULL, '', '', '', '', '', '', '', '', '', '', '', '', '', NULL, NULL, NULL, NULL, 'Cortex XDR', 'dhcp', 'วิศวกรรม', 'วิศวกรรม', '', '0000-00-00 00:00:00', '0000-00-00 00:00:00', 1, '1', 'โรงงานน้ำตาลขอนแก่น'),
(233, 'Athirat Yotongyot', 'wspstore2-f1203', '', '', 'Windows 10 Pro', NULL, '', '', '', '', '', '', '', '', '', '', '', '', '', NULL, NULL, NULL, NULL, 'Cortex XDR', '10.17.1.126', 'พัสดุ', 'พัสดุ', '', '0000-00-00 00:00:00', '0000-00-00 00:00:00', 2, '1', 'โรงงานน้ำตาลขอนแก่น'),
(234, 'Nanthiya Kham-Ao', 'wspque001-f1202', '', '', 'Windows 10 Pro', NULL, '', '', '', '', '', '', '', '', '', '', '', '', '', NULL, NULL, NULL, NULL, 'Cortex XDR', '10.17.1.45', 'ห้องชั่ง', 'ห้องชั่ง', 'เฉพาะฤดูหีบ', '0000-00-00 00:00:00', '0000-00-00 00:00:00', 2, '1', 'โรงงานน้ำตาลขอนแก่น'),
(235, 'Nanthiya Kham-Ao', 'wspqueue1-f2204', '', '', 'Windows 10 Pro', NULL, '', '', '', '', '', '', '', '', '', '', '', '', '', NULL, NULL, NULL, NULL, 'Cortex XDR', '10.17.1.44', 'ห้องชั่ง', 'ห้องชั่ง', 'เฉพาะฤดูหีบ', '0000-00-00 00:00:00', '0000-00-00 00:00:00', 2, '1', 'โรงงานน้ำตาลขอนแก่น'),
(236, 'Nanthiya Kham-Ao', 'wspsugar1-f1208', '', '', 'Windows 10 Pro', NULL, '', '', '', '', '', '', '', '', '', '', '', '', '', NULL, NULL, NULL, NULL, 'Cortex XDR', '10.17.1.118', 'ห้องชั่ง', 'ห้องชั่ง', '', '0000-00-00 00:00:00', '0000-00-00 00:00:00', 2, '1', 'โรงงานน้ำตาลขอนแก่น'),
(237, 'Sunti Sudnakrop', 'wspsuntis-F2308', '', '', 'Windows 11 Pro', NULL, '', '', '', '', '', '', '', '', '', '', '', '', '', NULL, NULL, NULL, NULL, 'Cortex XDR', '10.17.56.59', 'จัดหา', 'จัดหา', '', '0000-00-00 00:00:00', '0000-00-00 00:00:00', 1, '1', 'โรงงานน้ำตาลขอนแก่น'),
(238, 'Suparat Tridet', 'WSPSUPARA-F1505', '', '', 'Windows 10 Pro', NULL, '', '', '', '', '', '', '', '', '', '', '', '', '', NULL, NULL, NULL, NULL, 'Cortex XDR', '10.17.1.110', 'พัสดุ', 'พัสดุ', '', '0000-00-00 00:00:00', '0000-00-00 00:00:00', 2, '1', 'โรงงานน้ำตาลขอนแก่น'),
(239, 'Suphawan Daengdee', 'wspTayida-f1801', '', '', 'Windows 10 Pro', NULL, '', '', '', '', '', '', '', '', '', '', '', '', '', NULL, NULL, NULL, NULL, 'Cortex XDR', '10.17.1.97', 'จัดหา', 'จัดหา', '', '0000-00-00 00:00:00', '0000-00-00 00:00:00', 2, '1', 'โรงงานน้ำตาลขอนแก่น'),
(240, 'Thachakorn Atsawaphoom', 'WSPTHACHA-F1906', '', '', 'Windows 10 Pro', NULL, '', '', '', '', '', '', '', '', '', '', '', '', '', NULL, NULL, NULL, NULL, 'Cortex XDR', 'dhcp', 'Office โรงไฟฟ้า', 'วิศวกรรม', '', '0000-00-00 00:00:00', '0000-00-00 00:00:00', 1, '1', 'โรงงานไฟฟ้าน้ำตาลขอนแก่น'),
(241, 'thongchan prommeedee', 'wspthongc-f1809', '', '', 'Windows 10 Pro', NULL, '', '', '', '', '', '', '', '', '', '', '', '', '', NULL, NULL, NULL, NULL, 'Cortex XDR', '10.17.1.92', 'จัดหา', 'จัดหา', '', '0000-00-00 00:00:00', '0000-00-00 00:00:00', 2, '1', 'โรงงานน้ำตาลขอนแก่น'),
(242, 'Titisak Samosornsuk', 'wsptitisa-F1901', '', '', 'Windows 10 Pro', NULL, '', '', '', '', '', '', '', '', '', '', '', '', '', NULL, NULL, NULL, NULL, 'Cortex XDR', 'dhcp', 'Office โรงไฟฟ้า', 'วิศวกรรม', '', '0000-00-00 00:00:00', '0000-00-00 00:00:00', 1, '1', 'โรงงานไฟฟ้าน้ำตาลขอนแก่น'),
(243, '', 'WSPCADT01-F1807', '', '', 'Windows 10 Pro', NULL, '', '', '', '', '', '', '', '', '', '', '', '', '', NULL, NULL, NULL, NULL, 'Cortex XDR', 'NOIP', 'เขตส่งเสริม', 'จัดหา', '', '0000-00-00 00:00:00', '0000-00-00 00:00:00', 2, '1', 'โรงงานน้ำตาลขอนแก่น'),
(244, '', 'WSPCADT02-F1403', '', '', 'Windows 11 Pro', NULL, '', '', '', '', '', '', '', '', '', '', '', '', '', NULL, NULL, NULL, NULL, 'Cortex XDR', 'NOIP', 'เขตส่งเสริม', 'จัดหา', '', '0000-00-00 00:00:00', '0000-00-00 00:00:00', 2, '1', 'โรงงานน้ำตาลขอนแก่น'),
(245, '', 'WSPCADT03-F1403', '', '', 'Windows 10 Home', NULL, '', '', '', '', '', '', '', '', '', '', '', '', '', NULL, NULL, NULL, NULL, 'Cortex XDR', 'NOIP', 'เขตส่งเสริม', 'จัดหา', '', '0000-00-00 00:00:00', '0000-00-00 00:00:00', 1, '1', 'โรงงานน้ำตาลขอนแก่น'),
(246, '', 'WSPCADT04-F1403', '', '', 'Windows 10 Pro', NULL, '', '', '', '', '', '', '', '', '', '', '', '', '', NULL, NULL, NULL, NULL, 'Cortex XDR', 'NOIP', 'เขตส่งเสริม', 'จัดหา', '', '0000-00-00 00:00:00', '0000-00-00 00:00:00', 2, '1', 'โรงงานน้ำตาลขอนแก่น'),
(247, '', 'WSPCADT05-F1403', '', '', 'Windows 10 Pro', NULL, '', '', '', '', '', '', '', '', '', '', '', '', '', NULL, NULL, NULL, NULL, 'Cortex XDR', 'NOIP', 'เขตส่งเสริม', 'จัดหา', '', '0000-00-00 00:00:00', '0000-00-00 00:00:00', 2, '1', 'โรงงานน้ำตาลขอนแก่น'),
(248, '', 'WSPCADT06-F1403', '', '', 'Windows 10 Pro', NULL, '', '', '', '', '', '', '', '', '', '', '', '', '', NULL, NULL, NULL, NULL, 'Cortex XDR', 'NOIP', 'เขตส่งเสริม', 'จัดหา', '', '0000-00-00 00:00:00', '0000-00-00 00:00:00', 2, '1', 'โรงงานน้ำตาลขอนแก่น'),
(249, '', 'WSPCADT07-F1403', '', '', 'Windows 10 Pro', NULL, '', '', '', '', '', '', '', '', '', '', '', '', '', NULL, NULL, NULL, NULL, 'Cortex XDR', 'NOIP', 'เขตส่งเสริม', 'จัดหา', '', '0000-00-00 00:00:00', '0000-00-00 00:00:00', 2, '1', 'โรงงานน้ำตาลขอนแก่น'),
(250, '', 'WSPCADT08-F1403', '', '', 'Windows 10 Pro', NULL, '', '', '', '', '', '', '', '', '', '', '', '', '', NULL, NULL, NULL, NULL, 'Cortex XDR', 'NOIP', 'เขตส่งเสริม', 'จัดหา', '', '0000-00-00 00:00:00', '0000-00-00 00:00:00', 2, '1', 'โรงงานน้ำตาลขอนแก่น'),
(251, '', 'WSPCADT09-F1403', '', '', 'Windows 10 Pro', NULL, '', '', '', '', '', '', '', '', '', '', '', '', '', NULL, NULL, NULL, NULL, 'Cortex XDR', 'NOIP', 'เขตส่งเสริม', 'จัดหา', '', '0000-00-00 00:00:00', '0000-00-00 00:00:00', 2, '1', 'โรงงานน้ำตาลขอนแก่น'),
(252, 'anuwat Seemee', 'wspcctv05-f1410', '', '', 'Windows 10 Pro', NULL, '', '', '', '', '', '', '', '', '', '', '', '', '', NULL, NULL, NULL, NULL, 'Cortex XDR', '10.17.2.11', 'cctv', 'cctv', '', '0000-00-00 00:00:00', '0000-00-00 00:00:00', 2, '1', 'โรงงานน้ำตาลขอนแก่น'),
(253, 'anuwat Seemee', 'wspcctv05-f1411', '', '', 'Windows 10 Pro', NULL, '', '', '', '', '', '', '', '', '', '', '', '', '', NULL, NULL, NULL, NULL, 'Cortex XDR', '10.17.2.14', 'cctv', 'cctv', '', '0000-00-00 00:00:00', '0000-00-00 00:00:00', 2, '1', 'โรงงานน้ำตาลขอนแก่น'),
(254, 'Alisa Khaengkhan', 'wspmeet01-F2306', '', '', 'Windows 11 Pro', NULL, '', '', '', '', '', '', '', '', '', '', '', '', '', NULL, NULL, NULL, NULL, 'Cortex XDR', '10.17.56.57', 'ธุรการ', 'ธุรการ', '', '0000-00-00 00:00:00', '0000-00-00 00:00:00', 2, '1', 'โรงงานน้ำตาลขอนแก่น'),
(255, 'Alisa Khaengkhan', 'wspmeett3-f2211', '', '', 'Windows 11 Pro', NULL, '', '', '', '', '', '', '', '', '', '', '', '', '', NULL, NULL, NULL, NULL, 'Cortex XDR', '10.17.1.146', 'ธุรการ', 'ธุรการ', '', '0000-00-00 00:00:00', '0000-00-00 00:00:00', 2, '1', 'โรงงานน้ำตาลขอนแก่น'),
(256, 'Alisa Khaengkhan', 'wspmeett4-F2301', '', '', 'Windows 11 Pro', NULL, '', '', '', '', '', '', '', '', '', '', '', '', '', NULL, NULL, NULL, NULL, 'Cortex XDR', '10.17.1.168', 'ธุรการ', 'ธุรการ', '', '0000-00-00 00:00:00', '0000-00-00 00:00:00', 2, '1', 'โรงงานน้ำตาลขอนแก่น'),
(257, 'Sawitree Kruehong', 'wspphetra-f1207', '', '', 'Windows 10 Pro', NULL, '', '', '', '', '', '', '', '', '', '', '', '', '', NULL, NULL, NULL, NULL, 'Cortex XDR', '10.17.1.36', 'การเงิน', 'การเงิน', '', '0000-00-00 00:00:00', '0000-00-00 00:00:00', 2, '1', 'โรงงานน้ำตาลขอนแก่น'),
(258, 'wanpen sanubol', 'WSPWARROM-F1201', '', '', 'Windows 10 Pro', NULL, '', '', '', '', '', '', '', '', '', '', '', '', '', NULL, NULL, NULL, NULL, 'Cortex XDR', '10.17.1.47', 'จัดหา', 'จัดหา', 'เฉพาะฤดูหีบ', '0000-00-00 00:00:00', '0000-00-00 00:00:00', 2, '1', 'โรงงานน้ำตาลขอนแก่น'),
(259, 'wanpen sanubol', 'wspwarroo-f1202', '', '', 'Windows 10 Pro', NULL, '', '', '', '', '', '', '', '', '', '', '', '', '', NULL, NULL, NULL, NULL, 'Cortex XDR', '10.17.2.46', 'จัดหา', 'จัดหา', 'เฉพาะฤดูหีบ', '0000-00-00 00:00:00', '0000-00-00 00:00:00', 2, '1', 'โรงงานน้ำตาลขอนแก่น'),
(260, 'Nanthiya Kham-Ao', 'wspcane11-f1408', '', '', 'Windows 10 Pro', NULL, '', '', '', '', '', '', '', '', '', '', '', '', '', NULL, NULL, NULL, NULL, 'Cortex XDR', '10.17.1.28', 'ห้องชั่ง', 'ห้องชั่ง', '', '0000-00-00 00:00:00', '0000-00-00 00:00:00', 2, '1', 'โรงงานน้ำตาลขอนแก่น'),
(261, 'Nanthiya Kham-Ao', 'wspweight-f1701', '', '', 'Windows 10 Pro', NULL, '', '', '', '', '', '', '', '', '', '', '', '', '', NULL, NULL, NULL, NULL, 'Cortex XDR', '10.17.2.7', 'ห้องชั่ง', 'ห้องชั่ง', 'เฉพาะฤดูหีบ', '0000-00-00 00:00:00', '0000-00-00 00:00:00', 2, '1', 'โรงงานน้ำตาลขอนแก่น'),
(262, 'wanpen sanubol', 'wsppakorn-F2208', '', '', 'Windows 10 Pro', NULL, '', '', '', '', '', '', '', '', '', '', '', '', '', NULL, NULL, NULL, NULL, 'Cortex XDR', '10.17.1.89', 'จัดหา', 'จัดหา', '', '0000-00-00 00:00:00', '0000-00-00 00:00:00', 2, '1', 'โรงงานน้ำตาลขอนแก่น'),
(263, 'Pornnipa Pakdee', 'wspvacuu-F2301', '', '', 'Windows 11 Pro', NULL, '', '', '', '', '', '', '', '', '', '', '', '', '', NULL, NULL, NULL, NULL, 'Cortex XDR', 'dhcp', 'หม้อเคี่ยว', 'หม้อเคี่ยว', '', '0000-00-00 00:00:00', '0000-00-00 00:00:00', 2, '1', 'โรงงานน้ำตาลขอนแก่น'),
(264, 'Walaiporn Bunjongparu', 'wspwalaip-f0118', '', '', 'Windows 10 Pro', NULL, '', '', '', '', '', '', '', '', '', '', '', '', '', NULL, NULL, NULL, NULL, 'Cortex XDR', '10.17.1.120', 'บุคคล', 'บุคคล', '', '0000-00-00 00:00:00', '0000-00-00 00:00:00', 2, '1', 'โรงงานน้ำตาลขอนแก่น'),
(265, 'Nanthiya Kham-Ao', 'wspwm0001-f1601', '', '', 'Windows 10 Pro', NULL, '', '', '', '', '', '', '', '', '', '', '', '', '', NULL, NULL, NULL, NULL, 'Cortex XDR', '10.17.2.8', 'ห้องชั่ง', 'ห้องชั่ง', 'เฉพาะฤดูหีบ', '0000-00-00 00:00:00', '0000-00-00 00:00:00', 2, '1', 'โรงงานน้ำตาลขอนแก่น'),
(266, 'wanpen sanubol', 'WSPWANPEN-F2302', '', '', 'Windows 11 Pro', NULL, '', '', '', '', '', '', '', '', '', '', '', '', '', NULL, NULL, NULL, NULL, 'Cortex XDR', '10.17.1.160', 'จัดหา', 'จัดหา', '', '0000-00-00 00:00:00', '0000-00-00 00:00:00', 2, '1', 'โรงงานน้ำตาลขอนแก่น'),
(267, 'Warongdate Sombutpong', 'wspwarong-f2103', '', '', 'Windows 10 Pro', NULL, '', '', '', '', '', '', '', '', '', '', '', '', '', NULL, NULL, NULL, NULL, 'Cortex XDR', 'dhcp', 'วิศวกรรม', 'วิศวกรรม', '', '0000-00-00 00:00:00', '0000-00-00 00:00:00', 1, '1', 'โรงงานน้ำตาลขอนแก่น');
INSERT INTO `device` (`id`, `owner_name`, `com_name`, `mainboard`, `cpu`, `os`, `ram`, `fullharddisk`, `drive1`, `space1`, `used1`, `free1`, `drive2`, `space2`, `used2`, `free2`, `drive3`, `space3`, `used3`, `free3`, `manufacturer_monitor`, `serie_monitor`, `size_monitor`, `gpu`, `antivirus`, `ip_addr`, `location`, `department`, `note`, `created_at`, `updated_at`, `type_id`, `status`, `factory`) VALUES
(268, 'Wilawan Janthacompang', 'wspwilawa-f2401', '', '', 'Windows 11 Pro', NULL, '', '', '', '', '', '', '', '', '', '', '', '', '', NULL, NULL, NULL, NULL, 'Cortex XDR', '10.17.1.173', 'Office โรงไฟฟ้า', 'วิศวกรรม', '', '0000-00-00 00:00:00', '0000-00-00 00:00:00', 5, '1', 'โรงงานไฟฟ้าน้ำตาลขอนแก่น'),
(269, 'Wissarut Surapol', 'wspwissar-f1501', '', '', 'Windows 10 Pro', NULL, '', '', '', '', '', '', '', '', '', '', '', '', '', NULL, NULL, NULL, NULL, 'Cortex XDR', 'dhcp', 'วิศวกรรม', 'วิศวกรรม', '', '0000-00-00 00:00:00', '0000-00-00 00:00:00', 1, '1', 'โรงงานน้ำตาลขอนแก่น'),
(270, 'Wittawat Boonchukusol', 'wspwittaw-f1708', '', '', 'Windows 10 Pro', NULL, '', '', '', '', '', '', '', '', '', '', '', '', '', NULL, NULL, NULL, NULL, 'Cortex XDR', '10.17.1.34', 'สำนักงาน', 'ผจก.สนง.', '', '0000-00-00 00:00:00', '0000-00-00 00:00:00', 2, '1', 'โรงงานน้ำตาลขอนแก่น'),
(271, 'Woraphat Kunsirikamon', 'wspworaph-f2309', '', '', 'Windows 11 Pro', NULL, '', '', '', '', '', '', '', '', '', '', '', '', '', NULL, NULL, NULL, NULL, 'Cortex XDR', '10.17.56.68', 'จัดหา', 'จัดหา', '', '0000-00-00 00:00:00', '0000-00-00 00:00:00', 1, '1', 'โรงงานน้ำตาลขอนแก่น'),
(336, 'ตัวอย่างเทส', 'ตัวอย่างเทส', 'ตัวอย่างเทส', 'ตัวอย่างเทส', 'Windows 10 Pro', '8 GB', '66', 'S', '555 GB', '55 GB', '55 GB', 'A', '56 GB', '2 GB', '5 GB', 'W', '88 GB', '99 GB', '75 GB', 'ตัวอย่างเทส', 'ตัวอย่างเทส', '88 นิ้ว', 'ตัวอย่างเทส', 'ตัวอย่างเทส', 'ตัวอย่างเทส', 'ควบคุมคุณภาพ', 'ความปลอดภัยและสิ่งแวดล้อม', 'ตัวอย่างเทส', '2024-08-27 00:00:00', '2024-08-27 05:56:14', 1, '1', 'โรงงานไฟฟ้าน้ำตาลขอนแก่น');

-- --------------------------------------------------------

--
-- Table structure for table `location`
--

CREATE TABLE `location` (
  `location_id` varchar(11) NOT NULL,
  `location_name` varchar(60) NOT NULL
) ENGINE=InnoDB DEFAULT CHARSET=utf8mb4 COLLATE=utf8mb4_general_ci;

--
-- Dumping data for table `location`
--

INSERT INTO `location` (`location_id`, `location_name`) VALUES
('AC', 'บัญชี'),
('AD', 'ธุรการ'),
('CA', 'จัดหา'),
('CA-OUT', 'เขตส่งเสริม'),
('CCTV', 'CCTV'),
('DT', 'ศูนย์ขนถ่าย'),
('DVM', 'DVM'),
('EN', 'วิศวกรรม'),
('FN', 'การเงิน'),
('HR', 'บุคคล'),
('IT', 'วิเคราะห์และประมวลผล'),
('KKP', 'โรงไฟฟ้า'),
('LW', 'นิติกร'),
('MV', 'ยานยนต์'),
('OF', 'สำนักงาน'),
('OF-KKP', 'Office โรงไฟฟ้า'),
('QC', 'ควบคุมคุณภาพ'),
('QC-KKP', 'QC โรงไฟฟ้า'),
('SA', 'ความปลอดภัยและสิ่งแวดล้อม'),
('SG', 'รักษาความปลอดภัย'),
('ST', 'พัสดุ'),
('VA', 'หม้อเคี่ยว'),
('WH', 'คลังสินค้า'),
('WM', 'ห้องชั่ง');

-- --------------------------------------------------------

--
-- Table structure for table `operating`
--

CREATE TABLE `operating` (
  `operating_id` int(11) NOT NULL,
  `operating_name` varchar(30) NOT NULL
) ENGINE=InnoDB DEFAULT CHARSET=utf8mb4 COLLATE=utf8mb4_general_ci;

--
-- Dumping data for table `operating`
--

INSERT INTO `operating` (`operating_id`, `operating_name`) VALUES
(1, 'Windows 7 Pro'),
(2, 'Windows 7 Home'),
(3, 'Windows 8 '),
(4, 'Windows 8 Home'),
(5, 'Windows 8 Pro'),
(6, 'Windows 10'),
(7, 'Windows 10 Home'),
(8, 'Windows 10 Pro'),
(9, 'Windows 11'),
(10, 'Windows 11 Home'),
(11, 'Windows 11 Pro'),
(12, 'WIN Server 2008'),
(13, 'WIN Server 2012');

-- --------------------------------------------------------

--
-- Table structure for table `tactory`
--

CREATE TABLE `tactory` (
  `id` varchar(11) NOT NULL,
  `tactory_name` varchar(100) NOT NULL
) ENGINE=InnoDB DEFAULT CHARSET=utf8 COLLATE=utf8_general_ci;

--
-- Dumping data for table `tactory`
--

INSERT INTO `tactory` (`id`, `tactory_name`) VALUES
('KKP', 'โรงไฟฟ้าน้ำตาลขอนเเก่น'),
('KKS', 'โรงงานน้ำตาลขอนเเก่น');

-- --------------------------------------------------------

--
-- Table structure for table `type_device`
--

CREATE TABLE `type_device` (
  `id` int(11) NOT NULL,
  `typename` varchar(100) NOT NULL,
  `created_at` datetime NOT NULL,
  `updated_at` datetime NOT NULL
) ENGINE=InnoDB DEFAULT CHARSET=utf8 COLLATE=utf8_general_ci;

--
-- Dumping data for table `type_device`
--

INSERT INTO `type_device` (`id`, `typename`, `created_at`, `updated_at`) VALUES
(1, 'Notebook', '2024-07-16 11:19:12', '2024-07-16 11:19:12'),
(2, 'PC', '2024-07-16 11:19:12', '2024-07-16 11:19:12'),
(5, 'All in one', '2024-08-03 10:32:13', '2024-08-03 10:32:13'),
(6, 'Server', '2024-08-20 09:15:43', '2024-08-20 09:15:43');

-- --------------------------------------------------------

--
-- Table structure for table `user`
--

CREATE TABLE `user` (
  `id` int(11) NOT NULL,
  `firstname` varchar(100) NOT NULL,
  `lastname` varchar(100) NOT NULL,
  `email` varchar(100) NOT NULL,
  `password` varchar(100) NOT NULL,
  `role` varchar(20) NOT NULL,
  `created_at` datetime NOT NULL,
  `updated_at` datetime NOT NULL
) ENGINE=InnoDB DEFAULT CHARSET=utf8 COLLATE=utf8_general_ci;

--
-- Dumping data for table `user`
--

INSERT INTO `user` (`id`, `firstname`, `lastname`, `email`, `password`, `role`, `created_at`, `updated_at`) VALUES
(1, 'Adminstrator', 'Website', 'admin@admin.com', '5e884898da28047151d0e56f8dc6292773603d0d6aabbdd62a11ef721d1542d8', 'admin', '2024-07-16 11:20:01', '2024-07-16 11:20:01');

--
-- Indexes for dumped tables
--

--
-- Indexes for table `department`
--
ALTER TABLE `department`
  ADD PRIMARY KEY (`department_id`);

--
-- Indexes for table `device`
--
ALTER TABLE `device`
  ADD PRIMARY KEY (`id`),
  ADD KEY `type_id` (`type_id`);

--
-- Indexes for table `location`
--
ALTER TABLE `location`
  ADD PRIMARY KEY (`location_id`);

--
-- Indexes for table `operating`
--
ALTER TABLE `operating`
  ADD PRIMARY KEY (`operating_id`);

--
-- Indexes for table `tactory`
--
ALTER TABLE `tactory`
  ADD PRIMARY KEY (`id`);

--
-- Indexes for table `type_device`
--
ALTER TABLE `type_device`
  ADD PRIMARY KEY (`id`);

--
-- Indexes for table `user`
--
ALTER TABLE `user`
  ADD PRIMARY KEY (`id`);

--
-- AUTO_INCREMENT for dumped tables
--

--
-- AUTO_INCREMENT for table `device`
--
ALTER TABLE `device`
  MODIFY `id` int(11) NOT NULL AUTO_INCREMENT, AUTO_INCREMENT=337;

--
-- Constraints for dumped tables
--

--
-- Constraints for table `device`
--
ALTER TABLE `device`
  ADD CONSTRAINT `device_ibfk_1` FOREIGN KEY (`type_id`) REFERENCES `type_device` (`id`) ON DELETE CASCADE ON UPDATE CASCADE;
COMMIT;

/*!40101 SET CHARACTER_SET_CLIENT=@OLD_CHARACTER_SET_CLIENT */;
/*!40101 SET CHARACTER_SET_RESULTS=@OLD_CHARACTER_SET_RESULTS */;
/*!40101 SET COLLATION_CONNECTION=@OLD_COLLATION_CONNECTION */;
